id,item_group_id,title,description,link,image_link,additional_image_link,price,availability,condition
1st2ndbigi,,Girls First & Second Birthday,"Baby Girl, Theme Character Custom Birthday, First Birthday Shirt, First Birthday Baby Girl Outfit, Birthday Family Shirts, Cake Smash Girls Outfit Sets, First Birthday Tutu",http://www.tailorcreations.com/girlsfirstsecondbirthday.html,,,,out of stock,new
1st2ndbipa,,Boys First & Second Birthday,"Birthday Boy, Theme Character Custom Birthday, First Birthday Shirt, First Birthday Baby Boy Outfit, Birthday Family Shirts, Cake Smash Boys Outfit Sets, First Birthday Outfit Set",http://www.tailorcreations.com/boysfirstsecondbirthday.html,,,,out of stock,new
1stbipiandgo,gold977772,Gold and Pink Custom Birthday T Shirt Bodysuit Onesie Outfit Cake Smash 1/2 6 Months Party Supplies Bloomers Set,"Whether your little one is having a party or just hanging out, why not celebrate in style! Get your little one ready for their big day with this unique Custom Pink and Gold Birthday Shirt. This shirt features the cute birthday design in Pink and Gold customized with your child's name and age and any wording of your choice. Whether you're throwing a birthday party or just looking for a special custom outfit or shirt for your child, this Pink and Gold Birthday shirt is sure to be a big hit. With its unique design and high-quality materials, this item is a must-have for any baby girl. So why wait? Order now and make your child's birthday a special occasion with the cool Custom Birthday Shirt.",http://www.tailorcreations.com/gold977772.html,,,21.99,in stock,new
1stboodaycug,boo642514971,1st Boo Day Custom Ghost Birthday Shirt - First Boo Day Pink Ghost Birthday Outfit,"Whether your little one is having a party or just hanging out, why not celebrate in style! Get your little one ready for their big day with this unique Custom 1s",http://www.tailorcreations.com/boo642514971.html,,,21.99,in stock,new
1steagncush,east332101,First Easter Gnome Personalized Name T Shirt Toddler Baby Pastel Outfit Set Infant Bodysuit Romper First Egg Hunt,"Your little one can celebrate Easter in style with this adorable Pastel First Easter Gnome Personalized T-Shirt. Featuring a playful bunny ears design, the shirt can be customized with your child's name in soft pastel letters. For a complete festive look, consider the Easter Bunny Ears Denim Shorts 3pc Set, available for baby girls, toddlers, and youth sizes. Whether you choose the T-shirt or the infant bodysuit, the soft pastel colors make this outfit perfect for springtime celebrations. Ideal for Easter egg hunts or family gatherings, this sweet and unique ensemble ensures your child looks festive and feels cozy all day long.

We offer personalized Easter outfits, and this item can easily be customized into one of our custom Easter outfits available in our store. You can choose any of our unique designs to make it truly one-of-a-kind for your little one!

Can't find your theme or you want a different design? Contact customer service, we'll be happy to create it for you!",http://www.tailorcreations.com/east332101.html,,,19.99,in stock,new
1steapetsh,eas56241000,Easter Honey Bunny Ears Custom Crewneck Pullover Sweatshirt Toddler Long Sleeve Matching Family Shirts T Shirt Egg Hunt Apparel Clothes,"Hop into Easter fun with our charming Easter Honey Bunny customized sweatshirt! Designed for comfort and style, our soft crewneck sweatshirts, t-shirts, and hoodies are perfect for celebrating the season. Customize them with any wording of your choice and enjoy the playful bunny ear designs that add a sweet touch to your Easter festivities. Ideal for egg hunts, family gatherings, or Easter photos. Available in infant, toddler, youth, and adult sizes, matching family shirts let everyone join in the fun! Celebrate spring in style with these adorable, festive shirts that bring the whole family together.",http://www.tailorcreations.com/eas56241000.html,,,21.99,in stock,new
1stvadaylopa,val3467725,"Valentine's Day Love Panda Bear Custom Onesie Baby Bodysuit, Love Panda Bear Baby Valentine Bodysuit, Valentine Baby Boy Bodysuit ","Celebrate in style with our Adorable Valentine's Day Shirts and outfits. With a variety of products to choose from, you're sure to find the perfect item. Custom orders are accepted!",http://www.tailorcreations.com/val3467725.html,,,21.99,in stock,new
2,jack4745,"Jack Skellington Custom Birthday Shirt, Jack Skellington Boy Birthday Shirt, Nightmare Before Christmas Shirt, Nightmare Before Christmas Birthday ","Whether your little one is having a party or just hanging out, why not celebrate in style! Your child will feel extra special with this Cute Nightmare Before Christmas Custom Birthday Shirt on her big day. Our custom birthday shirts also make an excellent gift. A unique birthday gift that is customized for every child. What better way to capture those memories.
",http://www.tailorcreations.com/jack4745.html,,,19.99,in stock,new
24abhacubist,abby65874,"Abby Hatcher Birthday Stickers, Abby Party Favor Stickers","Our Custom Abby Hatcher Birthday Stickers are a cute give-away. Use as envelope seals, stickers for gifts and favors, product packaging, crafts and scrapbooking etc. The possibilities are endless.",http://www.tailorcreations.com/abby65874.html,,,13.5,in stock,new
24alwobacubi,alic11214,Alice in Wonderland Theme Personalized Round Birthday Party Gift Tag Label Favors Stickers Party Supplies Goody Bags Decorations Ideas,Alice in Wonderland Theme Personalized Birthday Party Gift Tag Label Favors Stickers Party Supplies Goody Bags Decorations Ideas,http://www.tailorcreations.com/alic11214.html,,,13.5,in stock,new
24armabist,marie119431,Aristocats Marie Cats Theme Custom Birthday Party Gift Tag Labels Favors Stickers Personalized Birthday Party Supplies Cupcake Toppers Suckers,"Sealed with Love! Our Aristocats Marie Cats Theme Custom Birthday Party Gift Tag Labels and Favors Stickers are the perfect addition to your little ones special day! Featuring the adorable Aristocats character Marie, these custom stickers can be personalized with your childs name or a special message. Ideal for gift tags, party favors, thank-you notes, or decorations, these charming labels will add a cute and personalized touch to your birthday celebration. Whether you're giving out party favors or simply adding some flair to the event, these Aristocats-themed stickers are sure to make your party unforgettable!", http://www.tailorcreations.com/marie119431.html,,,13.5,in stock,new
24armabist1,marie119590,Aristocats Cats Theme Custom Birthday Party Gift Tag Labels Favors Stickers Personalized Birthday Party Supplies Cupcake Toppers Wrappers,"Sealed with Love! Our Aristocats Marie Cats Theme Custom Birthday Party Gift Tag Labels and Favors Stickers are the perfect addition to your little ones special day! Featuring the adorable Aristocats character Marie, these custom stickers can be personalized with your childs name or a special message. Ideal for gift tags, party favors, thank-you notes, or decorations, these charming labels will add a cute and personalized touch to your birthday celebration. Whether you're giving out party favors or simply adding some flair to the event, these Aristocats-themed stickers are sure to make your party unforgettable!",http://www.tailorcreations.com/marie119590.html,,,13.5,in stock,new
24armabist2,marie3119815,Aristocats Marie Cats Theme Custom Birthday Party Gift Baby Shower Labels Favors Stickers Personalized Birthday Party Supplies Decorations,"Sealed with Love! Our Aristocats Marie Cats Theme Custom Birthday Party Gift Tag Labels and Favors Stickers are the perfect addition to your little ones special day! Featuring the adorable Aristocats character Marie, these custom stickers can be personalized with your childs name or a special message. Ideal for gift tags, party favors, thank-you notes, or decorations, these charming labels will add a cute and personalized touch to your birthday celebration. Whether you're giving out party favors or simply adding some flair to the event or Baby Shower, these Aristocats-themed stickers are sure to make your party unforgettable!",http://www.tailorcreations.com/marie3119815.html,,,13.5,in stock,new
24armabist3,marie13166485,Aristocats Marie Cats Theme Custom Birthday Party Gift Tag Labels Favors Stickers Birthday Party Supplies Cupcake Toppers Candy Suckers,"Sealed with Love! Our Aristocats Marie Cats Theme Custom Birthday Party Gift Tag Labels and Favors Stickers are the perfect addition to your little ones special day! Featuring the adorable Aristocats character Marie, these custom stickers can be personalized with your childs name or a special message. Ideal for gift tags, party favors, thank-you notes, or decorations, these charming labels will add a cute and personalized touch to your birthday celebration. Whether you're giving out party favors or simply adding some flair to the event, these Aristocats-themed stickers are sure to make your party unforgettable!",http://www.tailorcreations.com/marie13166485.html,,,13.5,in stock,new
24armacust,marie13124190,Aristocats Cats Theme Marie Custom Baby Shower Birthday Gift Tag Favor Label Stickers Party Supplies Ideas,"Sealed with Love! Our Aristocats Marie Cats Theme Custom Birthday Party Gift Tag Labels and Favors Stickers are the perfect addition to your little ones special day! Featuring the adorable Aristocats character Marie, these custom stickers can be personalized with your childs name or a special message. Ideal for gift tags, party favors, thank-you notes, or decorations, these charming labels will add a cute and personalized touch to your birthday celebration. Whether you're giving out party favors or simply adding some flair to the event or Baby Shower, these Aristocats-themed stickers are sure to make your party unforgettable!",http://www.tailorcreations.com/cugpf1.html,,,13.5,in stock,new
24armacust1,marie3201611,Aristocats Marie Cats Theme Custom Birthday Party Gift Tag Labels Favors Stickers Birthday Party Supplies Cupcake Toppers Candy Suckers,"Sealed with Love! Our Aristocats Marie Cats Theme Custom Birthday Party Gift Tag Labels and Favors Stickers are the perfect addition to your little ones special day! Featuring the adorable Aristocats character Marie, these custom stickers can be personalized with your childs name or a special message. Ideal for gift tags, party favors, thank-you notes, or decorations, these charming labels will add a cute and personalized touch to your birthday celebration. Whether you're giving out party favors or simply adding some flair to the event, these Aristocats-themed stickers are sure to make your party unforgettable!",http://www.tailorcreations.com/det5.html,,,13.5,in stock,new
24armapebist,aris4114, Aristocats Marie Cats Theme Custom Birthday Party Gift Tag Labels Favors Stickers Personalized Birthday Party Supplies Cupcake Toppers,"Sealed with Love! Our Aristocats Marie Cats Theme Custom Birthday Party Gift Tag Labels and Favors Stickers are the perfect addition to your little ones special day! Featuring the adorable Aristocats character Marie, these custom stickers can be personalized with your childs name or a special message. Ideal for gift tags, party favors, thank-you notes, or decorations, these charming labels will add a cute and personalized touch to your birthday celebration. Whether you're giving out party favors or simply adding some flair to the event, these Aristocats-themed stickers are sure to make your party unforgettable!",http://www.tailorcreations.com/aris4114.html,,,13.5,in stock,new
24avpebist,aver874744,Avengers Custom birthday stickers,Make your child's birthday extra special with our Avengers personalized birthday stickers. Many designs to choose from.,http://www.tailorcreations.com/aver874744.html,,,13.5,in stock,new
24bacubist,barbie890479,"Mermaid Barbie Custom Birthday stickers, Barbie Cupcake Toppers, Barbie Personalized","Make your child's birthday extra special with our Barbie Custom birthday stickers. With a variety of products to choose from, you're sure to find the perfect item. Custom orders are accepted!",http://www.tailorcreations.com/barbie890479.html,,,13.5,in stock,new
24bacubist1,barb92628,"Mermaid Barbie Custom Birthday stickers, Barbie Cupcake Toppers, Barbie Candy Stickers","Make your child's birthday extra special with our Barbie Custom birthday stickers. With a variety of products to choose from, you're sure to find the perfect item. Custom orders are accepted!",http://www.tailorcreations.com/barb92628.html,,,13.5,in stock,new
24bacubist2,barb4389816,"Mermaid Barbie Custom Birthday stickers, Barbie Cupcake Toppers, Barbie Candy Stickers","Make your child's birthday extra special with our Barbie Custom birthday stickers. With a variety of products to choose from, you're sure to find the perfect item. Custom orders are accepted!",http://www.tailorcreations.com/barb4389816.html,,,13.5,in stock,new
24bamopebist,moan111121,Baby Moana Personalized Birthday Favor Stickers - Moana Stickers ,"Sealed with Love! These vibrant Moana birthday stickers are perfect for adding a personal touch to your party favors and gift tags. Featuring the adorable Baby Moana. Customized with the birthday child's name and a special message. Whether placed on a gift or used as a thank you note, these stickers bring the adventurous spirit of the ocean to life. Create lasting memories with a personalized message that celebrates the birthday childs unique journey, making each gift extra special. Ideal for party bags, invitations, or as a fun addition to your Moana-themed celebration! These stickers are also perfect for baked goods, party favors, product packaging, crafts, scrapbooking and more! The possibilities are endless. ",http://www.tailorcreations.com/moan111121.html,,,13.5,in stock,new
24bapebist,batm2220,"Batman Superhero Birthday Stickers, Batman Favors, Batman Stickers","Batman Stickers, Personalized Birthday Stickers, Superhero Birthday Stickers, Batman Favor Stickers, Batman Party Favors, Batman Party",http://www.tailorcreations.com/cugpf1.html,,,13.5,in stock,new
24bapebist1,bard2254,"City Barbie Custom Birthday stickers, Barbie Cupcake Toppers, Barbie Birthday Ideas","Make your child's birthday extra special with our Barbie Custom birthday shirts. With a variety of products to choose from, you're sure to find the perfect item. Custom orders are accepted!
",http://www.tailorcreations.com/bard2254.html,,,13.5,in stock,new
24bapebist2,barb77401,"Mermaid Barbie Custom Birthday stickers, Barbie Cupcake Toppers, Barbie Candy Stickers","Make your child's birthday extra special with our Mermaid Barbie Custom birthday stickers. With a variety of products to choose from, you're sure to find the perfect item. Custom orders are accepted!",http://www.tailorcreations.com/barb77401.html,,,13.5,in stock,new
24bapebist3,barn5514,Farm Animals Birthday Stickers - Barnyard Birthday Party Favor Label Stickers ,"Sealed with Love! These Barnyard Farm Animals Cow Custom Birthday Stickers are the perfect way to add a cute and personalized touch to your little one's farm-themed birthday celebration! Featuring an adorable floral cow design in soft pinks, these custom stickers can be personalized with your child's name or a special birthday message. Perfect for party favors, gift tags, or thank-you notes, these charming stickers will bring extra joy and fun to your event. Make your little girl's farm birthday party unforgettable with these sweet and unique stickers!
",http://www.tailorcreations.com/barn5514.html,,,13.5,in stock,new
24bashcubist,baby45744,Baby Shark Custom birthday stickers,,http://www.tailorcreations.com/baby45744.html,,,13.5,in stock,new
24bawipopebi,pooh5474,"Winnie the Pooh Custom Birthday Gift Labels Stickers, Custom Birthday Labels, Pooh Bear Stickers, First Birthday Stickers","Winnie the Pooh Custom Birthday Gift Labels Stickers, Custom Birthday Labels, Pooh Bear Stickers, Custom Round Birthday Labels Stickers, First Birthday Stickers",http://www.tailorcreations.com/pooh5474.html,,,13.5,in stock,new
24bawipopebi1,pooh0021,"Winnie the Pooh Baby Shower Theme Custom Gift Tag Labels Favors Stickers, Custom Round Baby Shower Labels Stickers, Baby Shower Stickers","Winnie the Pooh Baby Shower Theme Custom Gift Tag Labels Favors Stickers, Winnie the Pooh Custom Birthday Gift Labels Stickers, Custom Round Baby Shower Labels Stickers, Baby Shower Stickers",http://www.tailorcreations.com/pooh0021.html,,,13.5,in stock,new
24bawipopebi2,pooh3325,"Winnie the Pooh Custom Birthday Gift Labels Stickers, Custom Birthday Labels, Pooh Bear Stickers, Custom Round Birthday Labels Stickers","Winnie the Pooh Custom Birthday Gift Labels Stickers, Custom Birthday Labels, Pooh Bear Stickers, Custom Round Birthday Labels Stickers, First Birthday Stickers",http://www.tailorcreations.com/pooh3325.html,,,13.5,in stock,new
24blbecubist,beet11774466,Blue Beetle Custom Birthday Stickers,"Make your child's birthday extra special with our Blue Beetle Custom birthday stickers. With a variety of designs to choose from, you're sure to find the perfect item. Custom orders are accepted!",http://www.tailorcreations.com/beet11774466.html,,,6.75,in stock,new
24blcatpestl,hallo41487,"Polka dots & Stripes Pumpkins Halloween Stickers, Happy Halloween Stickers From","Our Custom Halloween Stickers are a cute give-away. Use as envelope seals, stickers for gifts and favors, product packaging, crafts, scrapbooking and more! The possibilities are endless.
",http://www.tailorcreations.com/cugpf1.html,,,13.5,in stock,new
24blcubist,bluey00001,"Bluey Stickers Party Favors, Bluey Gift Bag Stickers, Blue Dog Favors","<font color=""070707"" size=""2"" face=""Century Schoolbook"">Our cool Bluey Custom Birthday Stickers are a cute give-away. Use as envelope seals, stickers for gifts and favors, product packaging, crafts, scrapbooking and more! The possibilities are endless!

Make your child's birthday one to remember with these Bluey and Bingo Custom birthday stickers. With a variety of designs to choose from, you're sure to find the perfect item.",http://www.tailorcreations.com/bluey00001.html,,,13.5,in stock,new
24blcubist1,blue2330,"Blue Dog Pink Birthday Thank You Stickers, Bluey Daisy Stickers","Bluey Bingo Custom Birthday Party Gift Tag Label Favor Stickers are a cute give-away. Use as envelope seals, stickers for gifts and favors, product packaging, crafts, scrapbooking and more! The possibilities are endless!

Make your child's birthday one to remember with these Bluey and Bingo Custom birthday stickers. With a variety of designs to choose from, you're sure to find the perfect item.",http://www.tailorcreations.com/blue2330.html,,,13.5,in stock,new
24blpapebist,black22145,24 Black Panther Custom Birthday stickers,,http://www.tailorcreations.com/black22145.html,,,6.75,in stock,new
24bobacubist,boss55454,Boss Baby Custom Birthday Stickers,"Our Cool Boss Baby Custom Birthday Stickers are a cute give-away. Use as envelope seals, stickers for gifts and favors, product packaging, crafts, scrapbooking and more! The possibilities are endless!
Make your child's birthday extra special with our Boss Baby Custom birthday stickers. With a variety of designs to choose from, you're sure to find the perfect item.

Can't find your party theme or you want a different design? Contact customer service, we'll be happy to create it for you!",http://www.tailorcreations.com/boss55454.html,,,13.5,in stock,new
24bobacubist1,boss33232,Boss Baby Custom Birthday Stickers,"Our Cool Boss Baby Custom Birthday Stickers are a cute give-away. Use as envelope seals, stickers for gifts and favors, product packaging, crafts, scrapbooking and more! The possibilities are endless.",http://www.tailorcreations.com/boss33232.html,,,13.5,in stock,new
24brpebist,wish4440,Wish Asha Custom Birthday Stickers,"Make a Birthday extra special with our Wish Asha Custom Birthday Stickers. With a variety of products to choose from, you're sure to find the perfect item. Custom orders are accepted!",http://www.tailorcreations.com/wish4440.html,,,6.75,in stock,new
24bubeecust,bee600683842,24 Bumble Bee Custom Stickers,"Make your child's birthday extra special with our Bumble Bee Custom birthday stickers. With a Variety of designs to choose from, you're sure to find the perfect item. Custom orders are accepted!
",http://www.tailorcreations.com/bee600683842.html,,,6.75,in stock,new
24bucacubist,super1414,"Super Kitties Stickers, Super Kitties Birthday Party Supplies, Super Kitties Favors Stickers, Personalized Round Stickers","Super Kitties Stickers, Super Kitties Birthday Party Supplies, Super Kitties Favors Stickers, Personalized Round Stickers",http://www.tailorcreations.com/super1414.html,,,13.5,in stock,new
24bugupebist,bubb33212,"Bubble Guppies Stickers, Party Favor Stickers","These Bubble Guppies Personalized Birthday Party Gift Tag Labels are the perfect addition to your celebration! Whether you're preparing goody bags or sending out party favors, these vibrant and fun stickers feature the beloved Bubble Guppies characters and can be customized with your child's name and the party details. Theyre an adorable way to personalize each gift, adding that extra special touch to your party favors and goody bags. Perfect for a memorable birthday celebration, these labels will make your Bubble Guppies-themed party even more festive and fun!",http://www.tailorcreations.com/bubb33212.html,,,13.5,in stock,new
24bulipebist,buz457110,"Buzz Lightyear Galactic Birthday Stickers, Toy Story Birthday Ideas",Make your childs birthday party extra special with our Personalized Buzz Lightyear Toy Story birthday stickers and other products. Many styles to choose from.,http://www.tailorcreations.com/buz457110.html,,,13.5,in stock,new
24buwopebist,toys54712,"Buzz and Woody Stickers, Toy Story Birthday Sticlers","Theres no time to panictake your childs celebration to infinity and beyond with our custom Toy Story-themed birthday gift tag labels and favor stickers! These personalized party essentials are the perfect way to add a playful and magical touch to your treats and party favors. Featuring beloved characters like Woody and Buzz Lightyear, and more, these fun and unique items will make your little ones Toy Story celebration truly stand out. Whether you're sending guests home with sweet treats or decorating the dessert table, these custom items are sure to add that extra bit of Pixar magic, making your party one for the history books!
",http://www.tailorcreations.com/toys54712.html,,,13.5,in stock,new
24ca1stbipes,cars10010,"Cars Birthday Stickers, Lightning Mcqueen 1st Birthday Stickers","Cars Birthday Stickers, Lightning Mcqueen 1st Birthday Stickers, Boys Bday, Boys 1st Birthday Ideas, Personalized Kids Birthday Stickers",http://www.tailorcreations.com/cars10010.html,,,13.5,in stock,new
24caampebist,capta32100,Captain America Custom birthday Stickers,,http://www.tailorcreations.com/capta32100.html,,,13.5,in stock,new
24cabepebist,care11147,Care Bears Custom Birthday stickers,"Sealed with Love! Our Care Bears Custom Birthday Gift Tag Labels and Favor Stickers add the perfect finishing touch to your celebration. These charming stickers feature the beloved Care Bears characters and can be personalized with your childs name or a special message. Perfect for party favors, gifts, or thank you notes, these delightful labels ensure your party favors stand out and leave a lasting impression. With their vibrant colors and heartwarming design, theyre sure to bring smiles to everyone and make your event even more memorable.",http://www.tailorcreations.com/care11147.html,,,13.5,in stock,new
24cabepebist1,care1121400,Care Bears Custom Birthday Gift Tag Labels Favor Stickers Party Supplies Decorations Ideas Cupcake Toppers,"Sealed with Love! Our Care Bears Custom Birthday Gift Tag Labels and Favor Stickers add the perfect finishing touch to your celebration. These charming stickers feature the beloved Care Bears characters and can be personalized with your childs name or a special message. Perfect for party favors, gifts, or thank you notes, these delightful labels ensure your party favors stand out and leave a lasting impression. With their vibrant colors and heartwarming design, theyre sure to bring smiles to everyone and make your event even more memorable.",http://www.tailorcreations.com/care1121400.html,,,13.5,in stock,new
24cabepebist2,care000012,Care Bears Custom Birthday stickers,"Sealed with Love! Our Care Bears Custom Birthday Gift Tag Labels and Favor Stickers add the perfect finishing touch to your celebration. These charming stickers feature the beloved Care Bears characters and can be personalized with your childs name or a special message. Perfect for party favors, gifts, or thank you notes, these delightful labels ensure your party favors stand out and leave a lasting impression. With their vibrant colors and heartwarming design, theyre sure to bring smiles to everyone and make your event even more memorable.", http://www.tailorcreations.com/care000012.html,,,13.5,in stock,new
24cacubist,carn7747,"Clown Plim Plim Stickers, Plim Plim Birthday Favor Stickers, Plim Plim Party Favors, Clown Circus Stickers, Carnival Birthday Stickers","Clown Plim Plim Stickers, Plim Plim Birthday Favor Stickers, Plim Plim Party Favors, Clown Circus Stickers, Carnival Birthday Stickers",http://www.tailorcreations.com/carn7747.html,,,13.5,in stock,new
24cacubist1,can111010,"Canticos Custom Birthday Gift Tag Labels Favors Goody Bags Candy Stickers, Canticos Birthday Party Supplies Decorations Cupcake Toppers Stickers","Canticos Custom Birthday Gift Tag Labels Favors Goody Bags Candy Stickers, Canticos Birthday Party Supplies Decorations Cupcake Toppers Stickers",http://www.tailorcreations.com/can111010.html,,,13.5,in stock,new
